{"Mulish":{"fontFamily":"Mulish","slug":"kubio-Mulish-400-latin","name":"Mulish","unicodeRange":"U+0000-00FF, U+0131, U+0152-0153, U+02BB-02BC, U+02C6, U+02DA, U+02DC, U+0304, U+0308, U+0329, U+2000-206F, U+2074, U+20AC, U+2122, U+2191, U+2193, U+2212, U+2215, U+FEFF, U+FFFD","fontFace":[{"fontFamily":"Mulish","fontWeight":"400","fontStyle":"italic","unicodeRange":"U+0000-00FF, U+0131, U+0152-0153, U+02BB-02BC, U+02C6, U+02DA, U+02DC, U+0304, U+0308, U+0329, U+2000-206F, U+2074, U+20AC, U+2122, U+2191, U+2193, U+2212, U+2215, U+FEFF, U+FFFD","subset":"latin","src":["Mulish-400italic-latin.woff2"]},{"fontFamily":"Mulish","fontWeight":"700","fontStyle":"italic","unicodeRange":"U+0000-00FF, U+0131, U+0152-0153, U+02BB-02BC, U+02C6, U+02DA, U+02DC, U+0304, U+0308, U+0329, U+2000-206F, U+2074, U+20AC, U+2122, U+2191, U+2193, U+2212, U+2215, U+FEFF, U+FFFD","subset":"latin","src":["Mulish-700italic-latin.woff2"]},{"fontFamily":"Mulish","fontWeight":"300","fontStyle":"normal","unicodeRange":"U+0000-00FF, U+0131, U+0152-0153, U+02BB-02BC, U+02C6, U+02DA, U+02DC, U+0304, U+0308, U+0329, U+2000-206F, U+2074, U+20AC, U+2122, U+2191, U+2193, U+2212, U+2215, U+FEFF, U+FFFD","subset":"latin","src":["Mulish-300normal-latin.woff2"]},{"fontFamily":"Mulish","fontWeight":"400","fontStyle":"normal","unicodeRange":"U+0000-00FF, U+0131, U+0152-0153, U+02BB-02BC, U+02C6, U+02DA, U+02DC, U+0304, U+0308, U+0329, U+2000-206F, U+2074, U+20AC, U+2122, U+2191, U+2193, U+2212, U+2215, U+FEFF, U+FFFD","subset":"latin","src":["Mulish-400normal-latin.woff2"]},{"fontFamily":"Mulish","fontWeight":"500","fontStyle":"normal","unicodeRange":"U+0000-00FF, U+0131, U+0152-0153, U+02BB-02BC, U+02C6, U+02DA, U+02DC, U+0304, U+0308, U+0329, U+2000-206F, U+2074, U+20AC, U+2122, U+2191, U+2193, U+2212, U+2215, U+FEFF, U+FFFD","subset":"latin","src":["Mulish-500normal-latin.woff2"]},{"fontFamily":"Mulish","fontWeight":"600","fontStyle":"normal","unicodeRange":"U+0000-00FF, U+0131, U+0152-0153, U+02BB-02BC, U+02C6, U+02DA, U+02DC, U+0304, U+0308, U+0329, U+2000-206F, U+2074, U+20AC, U+2122, U+2191, U+2193, U+2212, U+2215, U+FEFF, U+FFFD","subset":"latin","src":["Mulish-600normal-latin.woff2"]},{"fontFamily":"Mulish","fontWeight":"700","fontStyle":"normal","unicodeRange":"U+0000-00FF, U+0131, U+0152-0153, U+02BB-02BC, U+02C6, U+02DA, U+02DC, U+0304, U+0308, U+0329, U+2000-206F, U+2074, U+20AC, U+2122, U+2191, U+2193, U+2212, U+2215, U+FEFF, U+FFFD","subset":"latin","src":["Mulish-700normal-latin.woff2"]}]},"Open Sans":{"fontFamily":"Open Sans","slug":"kubio-OpenSans-400-latin","name":"Open Sans","unicodeRange":"U+0000-00FF, U+0131, U+0152-0153, U+02BB-02BC, U+02C6, U+02DA, U+02DC, U+0304, U+0308, U+0329, U+2000-206F, U+2074, U+20AC, U+2122, U+2191, U+2193, U+2212, U+2215, U+FEFF, U+FFFD","fontFace":[{"fontFamily":"Open Sans","fontWeight":"400","fontStyle":"italic","unicodeRange":"U+0000-00FF, U+0131, U+0152-0153, U+02BB-02BC, U+02C6, U+02DA, U+02DC, U+0304, U+0308, U+0329, U+2000-206F, U+2074, U+20AC, U+2122, U+2191, U+2193, U+2212, U+2215, U+FEFF, U+FFFD","subset":"latin","src":["OpenSans-400italic-latin.woff2"]},{"fontFamily":"Open Sans","fontWeight":"700","fontStyle":"italic","unicodeRange":"U+0000-00FF, U+0131, U+0152-0153, U+02BB-02BC, U+02C6, U+02DA, U+02DC, U+0304, U+0308, U+0329, U+2000-206F, U+2074, U+20AC, U+2122, U+2191, U+2193, U+2212, U+2215, U+FEFF, U+FFFD","subset":"latin","src":["OpenSans-700italic-latin.woff2"]},{"fontFamily":"Open Sans","fontWeight":"300","fontStyle":"normal","unicodeRange":"U+0000-00FF, U+0131, U+0152-0153, U+02BB-02BC, U+02C6, U+02DA, U+02DC, U+0304, U+0308, U+0329, U+2000-206F, U+2074, U+20AC, U+2122, U+2191, U+2193, U+2212, U+2215, U+FEFF, U+FFFD","subset":"latin","src":["OpenSans-300normal-latin.woff2"]},{"fontFamily":"Open Sans","fontWeight":"400","fontStyle":"normal","unicodeRange":"U+0000-00FF, U+0131, U+0152-0153, U+02BB-02BC, U+02C6, U+02DA, U+02DC, U+0304, U+0308, U+0329, U+2000-206F, U+2074, U+20AC, U+2122, U+2191, U+2193, U+2212, U+2215, U+FEFF, U+FFFD","subset":"latin","src":["OpenSans-400normal-latin.woff2"]},{"fontFamily":"Open Sans","fontWeight":"600","fontStyle":"normal","unicodeRange":"U+0000-00FF, U+0131, U+0152-0153, U+02BB-02BC, U+02C6, U+02DA, U+02DC, U+0304, U+0308, U+0329, U+2000-206F, U+2074, U+20AC, U+2122, U+2191, U+2193, U+2212, U+2215, U+FEFF, U+FFFD","subset":"latin","src":["OpenSans-600normal-latin.woff2"]},{"fontFamily":"Open Sans","fontWeight":"700","fontStyle":"normal","unicodeRange":"U+0000-00FF, U+0131, U+0152-0153, U+02BB-02BC, U+02C6, U+02DA, U+02DC, U+0304, U+0308, U+0329, U+2000-206F, U+2074, U+20AC, U+2122, U+2191, U+2193, U+2212, U+2215, U+FEFF, U+FFFD","subset":"latin","src":["OpenSans-700normal-latin.woff2"]}]},"Poppins":{"fontFamily":"Poppins","slug":"kubio-Poppins-400-latin","name":"Poppins","unicodeRange":"U+0000-00FF, U+0131, U+0152-0153, U+02BB-02BC, U+02C6, U+02DA, U+02DC, U+0304, U+0308, U+0329, U+2000-206F, U+2074, U+20AC, U+2122, U+2191, U+2193, U+2212, U+2215, U+FEFF, U+FFFD","fontFace":[{"fontFamily":"Poppins","fontWeight":"400","fontStyle":"italic","unicodeRange":"U+0000-00FF, U+0131, U+0152-0153, U+02BB-02BC, U+02C6, U+02DA, U+02DC, U+0304, U+0308, U+0329, U+2000-206F, U+2074, U+20AC, U+2122, U+2191, U+2193, U+2212, U+2215, U+FEFF, U+FFFD","subset":"latin","src":["Poppins-400italic-latin.woff2"]},{"fontFamily":"Poppins","fontWeight":"700","fontStyle":"italic","unicodeRange":"U+0000-00FF, U+0131, U+0152-0153, U+02BB-02BC, U+02C6, U+02DA, U+02DC, U+0304, U+0308, U+0329, U+2000-206F, U+2074, U+20AC, U+2122, U+2191, U+2193, U+2212, U+2215, U+FEFF, U+FFFD","subset":"latin","src":["Poppins-700italic-latin.woff2"]},{"fontFamily":"Poppins","fontWeight":"300","fontStyle":"normal","unicodeRange":"U+0000-00FF, U+0131, U+0152-0153, U+02BB-02BC, U+02C6, U+02DA, U+02DC, U+0304, U+0308, U+0329, U+2000-206F, U+2074, U+20AC, U+2122, U+2191, U+2193, U+2212, U+2215, U+FEFF, U+FFFD","subset":"latin","src":["Poppins-300normal-latin.woff2"]},{"fontFamily":"Poppins","fontWeight":"400","fontStyle":"normal","unicodeRange":"U+0000-00FF, U+0131, U+0152-0153, U+02BB-02BC, U+02C6, U+02DA, U+02DC, U+0304, U+0308, U+0329, U+2000-206F, U+2074, U+20AC, U+2122, U+2191, U+2193, U+2212, U+2215, U+FEFF, U+FFFD","subset":"latin","src":["Poppins-400normal-latin.woff2"]},{"fontFamily":"Poppins","fontWeight":"600","fontStyle":"normal","unicodeRange":"U+0000-00FF, U+0131, U+0152-0153, U+02BB-02BC, U+02C6, U+02DA, U+02DC, U+0304, U+0308, U+0329, U+2000-206F, U+2074, U+20AC, U+2122, U+2191, U+2193, U+2212, U+2215, U+FEFF, U+FFFD","subset":"latin","src":["Poppins-600normal-latin.woff2"]},{"fontFamily":"Poppins","fontWeight":"700","fontStyle":"normal","unicodeRange":"U+0000-00FF, U+0131, U+0152-0153, U+02BB-02BC, U+02C6, U+02DA, U+02DC, U+0304, U+0308, U+0329, U+2000-206F, U+2074, U+20AC, U+2122, U+2191, U+2193, U+2212, U+2215, U+FEFF, U+FFFD","subset":"latin","src":["Poppins-700normal-latin.woff2"]},{"fontFamily":"Poppins","fontWeight":"900","fontStyle":"normal","unicodeRange":"U+0000-00FF, U+0131, U+0152-0153, U+02BB-02BC, U+02C6, U+02DA, U+02DC, U+0304, U+0308, U+0329, U+2000-206F, U+2074, U+20AC, U+2122, U+2191, U+2193, U+2212, U+2215, U+FEFF, U+FFFD","subset":"latin","src":["Poppins-900normal-latin.woff2"]}]},"Syncopate":{"fontFamily":"Syncopate","slug":"kubio-Syncopate-400-latin","name":"Syncopate","unicodeRange":"U+0000-00FF, U+0131, U+0152-0153, U+02BB-02BC, U+02C6, U+02DA, U+02DC, U+0304, U+0308, U+0329, U+2000-206F, U+2074, U+20AC, U+2122, U+2191, U+2193, U+2212, U+2215, U+FEFF, U+FFFD","fontFace":[{"fontFamily":"Syncopate","fontWeight":"400","fontStyle":"normal","unicodeRange":"U+0000-00FF, U+0131, U+0152-0153, U+02BB-02BC, U+02C6, U+02DA, U+02DC, U+0304, U+0308, U+0329, U+2000-206F, U+2074, U+20AC, U+2122, U+2191, U+2193, U+2212, U+2215, U+FEFF, U+FFFD","subset":"latin","src":["Syncopate-400normal-latin.woff2"]},{"fontFamily":"Syncopate","fontWeight":"700","fontStyle":"normal","unicodeRange":"U+0000-00FF, U+0131, U+0152-0153, U+02BB-02BC, U+02C6, U+02DA, U+02DC, U+0304, U+0308, U+0329, U+2000-206F, U+2074, U+20AC, U+2122, U+2191, U+2193, U+2212, U+2215, U+FEFF, U+FFFD","subset":"latin","src":["Syncopate-700normal-latin.woff2"]}]},"Syne":{"fontFamily":"Syne","slug":"kubio-Syne-400-latin","name":"Syne","unicodeRange":"U+0000-00FF, U+0131, U+0152-0153, U+02BB-02BC, U+02C6, U+02DA, U+02DC, U+0304, U+0308, U+0329, U+2000-206F, U+2074, U+20AC, U+2122, U+2191, U+2193, U+2212, U+2215, U+FEFF, U+FFFD","fontFace":[{"fontFamily":"Syne","fontWeight":"400","fontStyle":"normal","unicodeRange":"U+0000-00FF, U+0131, U+0152-0153, U+02BB-02BC, U+02C6, U+02DA, U+02DC, U+0304, U+0308, U+0329, U+2000-206F, U+2074, U+20AC, U+2122, U+2191, U+2193, U+2212, U+2215, U+FEFF, U+FFFD","subset":"latin","src":["Syne-400normal-latin.woff2"]},{"fontFamily":"Syne","fontWeight":"600","fontStyle":"normal","unicodeRange":"U+0000-00FF, U+0131, U+0152-0153, U+02BB-02BC, U+02C6, U+02DA, U+02DC, U+0304, U+0308, U+0329, U+2000-206F, U+2074, U+20AC, U+2122, U+2191, U+2193, U+2212, U+2215, U+FEFF, U+FFFD","subset":"latin","src":["Syne-600normal-latin.woff2"]},{"fontFamily":"Syne","fontWeight":"700","fontStyle":"normal","unicodeRange":"U+0000-00FF, U+0131, U+0152-0153, U+02BB-02BC, U+02C6, U+02DA, U+02DC, U+0304, U+0308, U+0329, U+2000-206F, U+2074, U+20AC, U+2122, U+2191, U+2193, U+2212, U+2215, U+FEFF, U+FFFD","subset":"latin","src":["Syne-700normal-latin.woff2"]}]}}